label,1899,1989,average
1024_1024_1,0.030833,0.035435,0.0264269283
1024_65536_1,0.326706,0.373507,0.260374739933
